ba3abe9ac52389683a4435bc55acef7a6f963862,ninia/jep,381
1302cef058e0d7541b8975b94e86c78e9cd66a45,ninia/jep,202
c88e1a5bad762882d841f4eb78cc5d4dbdb78aad,ninia/jep,256
85d70d28c966de954d324f34a57c36d32b9be5a4,ninia/jep,248
3febd1d1ca5ed1770105fc00015458c9d0253a76,ninia/jep,247
0d42a2e1ddde98423b565f411ac8f72b8c43b7a8,ninia/jep,253
be7e7df629b6b530ec23643019b21661acedf0cb,ninia/jep,238
70fabef66cc44ae58d5571c13732538cf41e1f36,ninia/jep,237
30c850fff255c5dd6df6b87a7bb5cb991b29472e,ninia/jep,235
47e919bd183fb2312fc9841b11f7aeb8b64247be,ninia/jep,232
597865b6a2476a602c222c8afd3d820feee4d460,ninia/jep,204
3da5d753307154f4197806eb932504b0f1f2b537,ninia/jep,213
c85c3f6ff5504fcafdfe5d460b492e67a0a943af,ninia/jep,186
cbf45f5874314cc07656d3c69daf4b506eda8f98,ninia/jep,185
b7f47912dcfaa22aedb9f5b45bd633ccc11912d1,ninia/jep,103
ba79f15c2fd0f4f74361cf4401fb8c4d772ac237,ninia/jep,94
a381b35d4789ea968fc67a413fcbccbfbadf9e3e,ninia/jep,93
f8fa67a49b98fb9b9bb3981134caefae75cc80cf,ninia/jep,88
a451bb2dd98d37f2145b2183bd9893857607c1b3,ninia/jep,86
cec661d314f4651449aa8c26f3a57ec3dffbaa76,ninia/jep,85
4088190524aae6ed1acdda10fa271d8736e90ed4,ninia/jep,81
17818f24df7f0a5ed35bba1e2910ae6bb45faefa,ninia/jep,67
bd14a110911af80e7299767f43c570e2fca4d459,ninia/jep,77
d14567567ac1281e978790b9170c981113de282f,ninia/jep,79
96445a5abc8d7691028143e7c3f5d3a73ad39b6a,ninia/jep,77
2e47d82b24a4e546b583bc46dd0d014381272a7a,ninia/jep,65
2a57303312d0ba20aade817b0b1728f69b5933d6,ninia/jep,64
d8360fbf8237ac8e45296193bc97ba4fe642388d,ninia/jep,59
2492b6ec869cc84d7a9fc542a9cfe63099740377,ninia/jep,59
1a2fb90abe20ba0c2f97f49589a1d451847f4d06,ninia/jep,59
b241de6db39589368443f5e22f0197cf8c21ca20,ninia/jep,29
06c1b1b1ca51350ce73915439c4a5d63a5c56bcf,ninia/jep,49
5524f0aea184d199f9d6aa1452820b3d96bea3a0,ninia/jep,50
d46540ad97e94b30e236673e301ddef4e8434a23,ninia/jep,40
bb3f0c83e2f0eb712b1eec80c660782e3d6a4542,ninia/jep,45
0f0568ff8b96f7e1128ecac041838afcd3739d61,ninia/jep,45
1c77d3b1c7de01e084533d395e7341b2dc442fd8,ninia/jep,44
88a1f9077ca62a7a8eaebadc15989be694d75805,ninia/jep,11
8144158fdaf3db44681e5eb4ef9a77907e4746b4,ninia/jep,40
79d6dd5a7bdc39dfa39f8e90abc6b5cb46c09177,ninia/jep,29
3d33ea017acb4301e9576d8370b3305a424af80a,ninia/jep,36
3d45bc3724125000470cdd22f9c7c5f710f128e4,ninia/jep,37
2303bf63386803db01ac2bcd0aba3dfa46cf12d1,ninia/jep,23
6e758d59c34166b0a78f4e1d0274b8335fd5a2c8,ninia/jep,23
7999cbe06ae963b8ea73ef04343acb3ef01e1326,ninia/jep,27
767509de81f3a11b1ca54e23619d3226944a141e,ninia/jep,22
340788b3ae7a3e4ccfc610f73d43afeba508241c,ninia/jep,17
27be1b4a828082e32d70cd4bfdd92b5f717205e8,ninia/jep,21
9f93c264e7f5fe64a0feb0f0cbf9c6ab5433c552,ninia/jep,"20,19"
9110a095ca52ccaf20981008f43c1aad824f93f1,ninia/jep,19
8dc0aa532b63c048aa7d17544f8d73b01fab335d,ninia/jep,16
778b516930bdc11ecbb7751d560d373964009639,ninia/jep,17
d2ab3f0343a518948ee44f09279e7ccf6922b856,ninia/jep,11
760dbf74e5fadd0dd451dafa888117906dc9aa50,ninia/jep,11
3c6a998c2ffe263ba3a96196ae70d5f287cdf2b5,ninia/jep,8
20153ceb8db2c76e751922949cd2a7ca649f647e,ninia/jep,1
5c0644d0913b9f58c7c58303edb5dddad6e18c33,ninia/jep,1
5f5f95c78252ea661d8be55930e3a7c18da9bea8,fusesource/jansi,242
2cf446182c823a4c110411b765a1f0367eb8a913,fusesource/jansi,199
3d976451adce20e8ab48528fbe4051595a1d21c5,fusesource/jansi,193
454d8582c689af7646a21b036e887d6737b20e66,fusesource/jansi,218
4e5ab5b1628df50f06d13fbe2d1bfeeead37d01e,fusesource/jansi,201
98c430a4d42368f9a5524470e74ca87aeee03bcb,fusesource/jansi,204
ae20846652a85926676ad61b90dba43f49b6b636,fusesource/jansi,208
1ab54ca6d40c92600411e7d84bbe02d22e22fb06,fusesource/jansi,219
09722b7cccc8a99f14ac1656db3072dbeef34478,fusesource/jansi,205
e019a75ee267a53a48d02ac983266cdf2b4e16a9,fusesource/jansi,213
01d68f03c6b69c323a05738efec1fd4404c0f0f8,fusesource/jansi,215
3ba11e9d324f81b359229715ceacadcb9137ff46,fusesource/jansi,214
e4d58d94eab5ecbc2f466978a5006835cf728da7,fusesource/jansi,207
65e93ed8d8ee6d93252d5b6f8f3702a3c0cbb299,fusesource/jansi,197
6d61a763ebc4a97399e57c38e7c2e0eac7b8cf3c,fusesource/jansi,196
abca99945574f468768e2648a459eba0ad42f122,fusesource/jansi,192
d8934d82bd64a3899f2c6ca2eb838dc3f79e0646,fusesource/jansi,190
0b1e2ecf1e0fff0fbb5ff4e146ff720bacc97ac2,fusesource/jansi,175
faf93318be3cda0b3a3894ae9d2032835601bc73,fusesource/jansi,184
4a530b1b550e81b0d478e125636d2d21e02be747,fusesource/jansi,188
d386c6afa62e7c5dc883e7158577caf175eb0d3a,fusesource/jansi,185
9a84c14dc6614976e387dadd997d8889d45cdca6,fusesource/jansi,183
63bd892b2bdfc253ec119a57bdd42df5e80fd859,fusesource/jansi,178
23e71d0abaefc4d7c8a5df1230cc2b3cdaa9c858,fusesource/jansi,179
092675487c91133144d4f1b81b5cf69a444883d3,fusesource/jansi,30
090132d8160e50ef0c9d4b85990b32744f14e439,fusesource/jansi,140
2e840849f842c74943718ec291acecfb4556a9ed,fusesource/jansi,154
8420b9c381fc41f36561f8dc453b5ba6765947e3,fusesource/jansi,168
70adaebb1d8d38c9851b4de1c846441d753c8152,fusesource/jansi,172
0171ecba47d28cfb467b04a87617205d41072fa3,fusesource/jansi,178
5ce085b7e3acc9a3a95d42f40a49be0cec301947,fusesource/jansi,177
182b884d73d950e6d370e70162f92b0fd4b79372,fusesource/jansi,160
e12ff979f0e5ede59b477733349c6f333a2c0314,fusesource/jansi,173
146109610a85892efdad4f50a1a974d9d6ac21ee,fusesource/jansi,163
f9e85d0c48713743f671d59253060d3e8cb8e462,fusesource/jansi,151
7e6bd5b2a5f10a32ec50e3d85b2c452328bdbac1,fusesource/jansi,151
48489d09c1731b8afb9e9cad94688b248fe8fcf3,fusesource/jansi,153
2f866c4cf31b8ae44e005515326ad9b2819a394f,fusesource/jansi,146
bbd72d6e26f4e70a20a5736a496f9cb9d354ca3f,fusesource/jansi,134
5a5e8cbfae657900bd7d1caa55e2978086394e5d,fusesource/jansi,130
b1ef7659b711e5c94272b3802d9e0ed6feebda62,fusesource/jansi,98
e2ac629b77614be325c6603ce804578ddb11749c,fusesource/jansi,124
a46325307f51194ca7dd007d2042dc38bc61af0d,fusesource/jansi,98
93385273035124d3541e90e3a15568371aa2f474,fusesource/jansi,124
8329e31c722e726f59a73654b8425b8ef5015760,fusesource/jansi,115
1a77e3cb816ff366e6ec811c3fb27a36a5a72916,fusesource/jansi,119
abe94bf243ddb3a43fe173c8e08d105451b03efc,fusesource/jansi,114
73c621ff7f2d0fd8c7e5c23a814359c34fdab012,fusesource/jansi,119
e45e4665538ba9234f5ee5d7b06d78d6a03deda3,fusesource/jansi,110
06453651594188403f28614097c8598c3bf387e6,fusesource/jansi,106
cd342119ced2e348245d6cb59990401f382ffbe6,fusesource/jansi,107
16d921095bdc2e93b05bf0db8beea69cacb4b18b,fusesource/jansi,86
4b24c0928d8c233cd7dc7c7077ad4d4ddb82cb2e,fusesource/jansi,92
5f8eb45b376c77b6f72b65b1afe485c322f49198,fusesource/jansi,99
5ac2049c23e4d091bf48a531b450adfdb2d4ef7d,fusesource/jansi,95
40631bdf503473054eefd27b3c2301bfcbe9643d,fusesource/jansi,95
3b2eab623277d4e6f2dc3b9e355ed6bb9dbbf84f,fusesource/jansi,99
f7a84bf2e1dff352c83089282ff1b1aedc20f901,fusesource/jansi,84
769ebe03655169b2eb380600912a55ac88b13efb,fusesource/jansi,86
3ce698726b353dd06acaa76777c6c2451415b850,fusesource/jansi,92
29dff3cb48615c3d480cd400774d69ce724a9b84,fusesource/jansi,88
708591cf695f4f226611719dda3f53a3226a1159,fusesource/jansi,81
36d386de3a3518ef62318037a501c1e63877a69a,fusesource/jansi,82
bb3d538315c44f799d34fd3426f6c91c8e8dfc55,fusesource/jansi,83
3c82c332a278b6931d4cc41b4bf6040e545beb42,fusesource/jansi,56
dbf2e8cfa71593b2347bf0364d72357861924946,fusesource/jansi,14
2616142fda4425d779ac94a3d9bfa76412021b23,fusesource/jansi,79
a9ceddb00d1f42411d2342b33c0150f0fe281837,fusesource/jansi,78
8824843f27fd8f8e6b69b67c52fa9197a3fdf2c8,fusesource/jansi,76
fd83740450016361a139cc5a01f9a49a5d91a6cb,fusesource/jansi,70
471902da8b431fb521cfdf8e5d4a26571adb93b3,fusesource/jansi,72
eeda18cb05122abe48b284dca969e2c060a0c009,fusesource/jansi,59
b84df55b6c6a0688cf8ad790d4a3ac952ea6b9d0,fusesource/jansi,65
55c381767a2bd6f744f796c7b435afbf02c74a99,fusesource/jansi,50
08fc17afea46a348631facb26ef64ddfb0dd92b8,fusesource/jansi,52
a54d2b5b3bc91561e158837beb84eba85e75c8b1,fusesource/jansi,54
03e7a2a8703dd0ddf012643e533b493fdf0c5275,fusesource/jansi,51
5aa64b112c1544363deae81688b97cf56cc37c19,fusesource/jansi,46
23afd0e094a6c4de0fb26f4b370ee6add944faee,fusesource/jansi,15
236d35fadb9cf3ff75f90236f2e6aec45c69ba55,fusesource/jansi,45
2400c7acd9941a8974258804b63876512f6b4bf7,fusesource/jansi,35
c3b76bcad382f6a76cfb1534e6b068ee53774554,fusesource/jansi,26
5f202def7a3cfb2584b442bcdce0ed2d6600b76e,fusesource/jansi,20
489c4d3a74f93dbd17bb8927feac4ba82dfbb23c,fusesource/jansi,21
20a1ebb2a15003cc290d461f6da30e9787b1f6f1,fusesource/jansi,13
9bab505bfbd57c8511ef3641c6d0fe41c92302dd,fusesource/jansi,19
f9a4d10a16ef2f644625ff4d4fd4363d02bfd402,fusesource/jansi,4
0623aa4881a035db9fa6fc0ab37e2a67b7252957,fusesource/jansi,5
7a232270e125addc351e364bb33786687706055e,fusesource/jansi,7
36689ee53cd082aa38d612005215241674f5f451,fusesource/jansi,9
a8ecc2330a5b030bc6bfd866687d887ba4cd0804,fusesource/jansi,1
eda004a57aec7688ebbb8a6b74a6f195aa8f2922,java-native-access/jna,1581
6706361d441f32280fcca61f8dd18c02c437e1af,java-native-access/jna,1570
7775be31464dd5d5c503bc9293b7c330a37e7cc1,java-native-access/jna,1561
458adcf3dde6839e512214a1feefdbf829ac9e76,java-native-access/jna,1560
a4aca64973061cf7d6c9c21e031683340c674e92,java-native-access/jna,1558
3bcd64e0e2a25d48833d2a1d2ed939bcc893c5e3,java-native-access/jna,1556
da87d77a9b56a6ca038c8e0b0925e34932944ec0,java-native-access/jna,1554
e8182b28e8baaaeae7b68767bca91c1012e39d4d,java-native-access/jna,1555
237206727cab3cdfd0285ed57035ab3b64179ed4,java-native-access/jna,1517
aff2e357af119d82b8da503004e679c974d24077,java-native-access/jna,1551
43b5f76706a4dd8ff59c69617e220174c5765df7,java-native-access/jna,1548
6c0fb985284982d2a2f70c07877f3baf16bc5421,java-native-access/jna,1545
c32053e3137d7af5764ed4148e866d28eb8fd398,java-native-access/jna,1534
e96f30192e9455e7cc4117cce06fc3fa80bead55,java-native-access/jna,1508
c9f062a4ad85fb63b55c7f7fd67ee5cc02c27721,java-native-access/jna,1504
54fc66294c68de1d7d510738f843acf4b6a2200b,java-native-access/jna,1501
195ebb48388d4807123c7aa3783ab8575c6fa8a1,java-native-access/jna,1502
a5f47cd359d5fe62a0e5d6c2bd9d649874be955d,java-native-access/jna,1494
5dd4bd707f8f1f49b5d1af158402859a86161367,java-native-access/jna,1491
db1b5531b10fed9fb68d6d4d79913660759b22d3,java-native-access/jna,1490
74d59b9b4f61c4bdcd38b469dd01300db77f4dcb,java-native-access/jna,1486
2a27c26d8e642eeaf756c91248e21a01e7352c6c,java-native-access/jna,1482
529b7167c9c0eaf4dcca0dbcacff616842b10566,java-native-access/jna,1474
88401ae99606c590ec627510c4da669533c308e8,java-native-access/jna,1469
87f32b5a1e818533004a41f3071e55e0aa3a39b5,java-native-access/jna,1464
0444bf937cc226f079a8b2698ad193abf86d50d8,java-native-access/jna,1456
927e5da1cf21bcc6203c0be58b89746646e16976,java-native-access/jna,1459
fa86166d4f75ef4478de7ad9d7d6c0b6b6933ee0,java-native-access/jna,1445
99fcfa822db86b1f2ba5823dbf17efeb3d246ad5,java-native-access/jna,1444
bf60e51eace6dffa18548019e2ba398ff84904ef,java-native-access/jna,1440
63ba30f3f5433a651f0caabd00aec2fd3052233c,java-native-access/jna,1438
485fb557e26fb94b3b7d670f0177a63b10b12400,java-native-access/jna,1434
a8faaec7fc1e84a7cc23672850577b36053385ca,java-native-access/jna,1402
102b54b75a106dbf808d26158cfa07e464c6b200,java-native-access/jna,1433
19c66f3621884ff2f3b998c2a42b5f84700a0091,java-native-access/jna,1433
787e4bf8abadfde64bcb5a072b37d92eadc40e32,java-native-access/jna,1427
19519fe7d7cf713dbf6a9b577a271eb46b1c537d,java-native-access/jna,1425
c5ffcc5cf8c200e40ea354e9dfef1f77ef7785b2,java-native-access/jna,1424
644b708cb44b636c9901ad9a287aca842a42b43c,java-native-access/jna,1422
0774f8225670d80f753566f248e29221333f5fda,java-native-access/jna,1419
f5d11e27ad1977e28d59f9c75cdadf575505b4ac,java-native-access/jna,1414
048bc4236a06a7935ed85b654d1d98f34488d687,java-native-access/jna,1403
7dbbf4b447674182e5752ac9b1eba91d9bffc22e,java-native-access/jna,1398
18d0988b0507e48fc1b0f316a314f484670bfcb2,java-native-access/jna,1393
797cd46df506509e5bbf00365ad0c361c569615d,java-native-access/jna,1392
eba2e4727fa0edeb64be5eb4e746ab7ad127fe31,java-native-access/jna,1391
203fc1f69bf6904378f514dd5a260f67a4a9643a,java-native-access/jna,1383
b19ff07e62f389fdd59c95ea956bf8ecb68e0ce1,java-native-access/jna,1389
0c2b74d8c2f971b77cc5639ec3124763f6bdf5d3,java-native-access/jna,1390
4ebb64a867ba6256ded3746247ead3de6cd11108,java-native-access/jna,1378
3f5e93780ceb6791f461c031cadc5e26b44fa4ac,java-native-access/jna,"73309,18272"
030411b909d5dfd249b1df09a7f24c44babcae64,java-native-access/jna,1377
2f56de893ca62952f0e3601956f773057ed01dbd,java-native-access/jna,1376
fd6a9a6153bd148e32aac423934808b5f82b3ba8,java-native-access/jna,1374
fb76832972e92a215ecdb12ae4f3d6d0c2bae38d,java-native-access/jna,1368
9b507a2f85b65acc03066d22845f436df1588a0c,java-native-access/jna,1364
80105c3703e9753c76ebf6d135a9e9050fe4a33d,java-native-access/jna,1366
0f2f8817523dce13e8604aef93fdda2b7e5f9fc9,java-native-access/jna,1365
d367f0220be55b5638b3d324473ef0a7e654d83c,java-native-access/jna,1356
865067169c39585628a11d4c1bf619b4cc940c42,java-native-access/jna,1355
7b9322d37771aad89ee5e4fa3a62800c9a147330,java-native-access/jna,1354
0de51b374708c9ad0249984da2d1cd90d2977574,java-native-access/jna,1326
3dc3015c51e0d27f7c0366f108e1df905a29573a,java-native-access/jna,1321
95923c120914697e303a34fb9f8ff886a8538310,java-native-access/jna,1316
ea677b47481d067b7a647a01fcabe9b82ca56bef,java-native-access/jna,1312
acee007f5cd6b67cc7d7788c30e035ae5946b105,java-native-access/jna,1317
ed11ac533a352662028590cf54d67341f9805305,java-native-access/jna,1294
b56aaa7239b5d2d5abfe448d22bd2424bbab73ae,java-native-access/jna,600
2732f2c052b65ab0e006b30ff069697e7e4320d4,java-native-access/jna,606
f3fd2ca1993aa7856017ccaf82c1b575eb2f9684,java-native-access/jna,1295
6dbf6ecd1f1e85bb31557d70693f316767042855,java-native-access/jna,1291
51bb4a4662336cb0bfcab15cc35f68e0ef965199,java-native-access/jna,1288
d2b04e5e163b3d7820ce6b1e07a976d0b48003eb,java-native-access/jna,1286
c44a54572403d7e0cfd132fb6a08dfa5ee7b75d5,java-native-access/jna,1268
3b47eff09f3107d31b1fdc8ce849bc8a04c7de61,java-native-access/jna,1278
19c99e6b06f9fc890fc3b1353ad2c493cdfef918,java-native-access/jna,1273
0a0e44d4e8c616eb948fae7b87f882db32db5e60,java-native-access/jna,1252
c52f4d3d6c2689c600db220362b048c66ccf0433,java-native-access/jna,1250
df7910bce1b25af2153cc6e3bfcf649bef538b25,java-native-access/jna,1249
050d4b11cd9817e4f045ef0bbeba90ee4e542de7,java-native-access/jna,1248
367f2d3f0a388935ceb72e99fc81f6757f60868f,java-native-access/jna,1246
816fdd20d550dba7d2ddb6ff05b205470aeba797,java-native-access/jna,1245
dc0c45381b9c654ddd769408a7191d5bc7f46014,java-native-access/jna,1242
7cdc04bb12f3bcb9aa57eff01757d189cad18854,java-native-access/jna,1241
087c92aa19b63f93bfbb0e8c08f093fff8b51fb1,java-native-access/jna,1237
3d9b024e672aa65e2a0f24438ce3196f00c1c2eb,java-native-access/jna,1233
b8443b80351ca3f0cdefe2752c7209abf0f5d819,java-native-access/jna,1234
083a2fe1217db4052812ead0e7e548694a745553,java-native-access/jna,1235
d170c38f4b5d890b2b82cad587275dd1b767343c,java-native-access/jna,1232
bb8f286ca1925c428914ab1bae8df1432f685956,java-native-access/jna,1217
d8ce23e2d0baf7243cf07639731c4de6ca62e412,java-native-access/jna,1231
260b5990d1698877b0a549f715e1dae1878f5d3f,java-native-access/jna,1230
67596fb00ce28727d90cba2b027aa761c6a9d5a8,java-native-access/jna,1209
2afa6dabee9ca75d878d50382545ae626019756b,java-native-access/jna,1196
31b94c5fedf83dc2dd1d8cb7f7b3fd7a5ff27138,java-native-access/jna,1182
c33d3f08c421430d831f573c10b4c56a813a61f9,java-native-access/jna,1191
5ee157552701d9edde4dbfa64d0d0e1af21ee997,java-native-access/jna,1193
f3828bd6f6f1307cbc834e22c2086cc68a49c012,java-native-access/jna,1189
1fb073865a40525a1d927ee9cc9d79301e4eaabf,java-native-access/jna,1188
bc3fb754af5bca87572d8de20a106f42375602bf,java-native-access/jna,1184
884e08c287081c7aca3cf72e896989a0504697d1,java-native-access/jna,1183
fa9dfdbbbc11b1c0d9bf7952e453b3a21c5a81ea,java-native-access/jna,1178
6c4e8c9c700802c996d199b4a3902f56311e7088,java-native-access/jna,1176
9cc7c067ed078c80426ebfe0b70fc9a96403b7b5,java-native-access/jna,1167
9c40da4688a60f64f74a52fc8236cc53aaa266f6,java-native-access/jna,1166
8c97594ef15f3528cd82a75e5fb1d7f77081f0da,java-native-access/jna,1143
092d05de1818306ed645394a2501716f0a2840a9,java-native-access/jna,1137
666531981b0289d03f717f19cd3251e4732f31d8,java-native-access/jna,1136
09fdd8c1d9a6a306a5d5262be567704ac7dda78c,java-native-access/jna,1122
cdad205e985a31bd016a4299bbdffa4a475b0c13,java-native-access/jna,1127
5fee560347a37ed8f4bd73cdb346835026e57fb7,java-native-access/jna,1124
e6ab3ecdfa5482b41230fc28888df22da4d15bd4,java-native-access/jna,1104
3099fdceabf070a88aeec450fcc4696bb1435fd7,java-native-access/jna,1111
65e43fbb80c397e8f7f9ba3f5e3368281a0779f2,java-native-access/jna,1100
2efd065fc30c18c1ef01dce51e928594ac969474,java-native-access/jna,1101
b8bdacbd6b3971c2da384d4738133408ac330221,java-native-access/jna,1092
0b098dbbb12bf912f438421e6837b3739dafa0f6,java-native-access/jna,1091
cdf119ceb82cfda5e29809a98ce1fd6c50acb8c8,java-native-access/jna,1088
b749db5e6bf4e978284c09d891dabc453ed7a022,java-native-access/jna,1087
a8b972048bb9dba9077a1e308d0cf201c455e030,java-native-access/jna,1090
b0a6e17b082ce0d35426c4419ab1c183d3f55b4b,java-native-access/jna,1084
aa9341d622acd0c7af04df5cde58b759b5c48be8,java-native-access/jna,1081
12c6a929b17401ee7f5e94d4337d8866c7546be1,java-native-access/jna,1080
f5bdc9e3efdae3b6e9341015109e3a294332939a,java-native-access/jna,1078
42db333e34cb636e1b5c54ac0712b82b6efb74fd,java-native-access/jna,1075
04b987a94904adf197e9918c45c91bb533681ec5,java-native-access/jna,1074
a32e517b452f95735125c85b3c532a5435216094,java-native-access/jna,1067
017c8e195b8439aface005fc19105821bbdbb903,java-native-access/jna,"1066,1066"
9a1be160d1d7ffa1dc2b64d7e3efd26aa454572e,java-native-access/jna,1050
216cb34eacb6a244b790820d6bb72f340ff23ef3,java-native-access/jna,1053
1ce004b9b893c7a1203958a5e7248fc384ed9a96,java-native-access/jna,1054
076ae4b0d9060b609155bb68c87f49d2de1c224a,java-native-access/jna,1052
2a8a175aa25c55901896dcbc1f33ba5d1948601e,java-native-access/jna,1049
cae2be99b08e5c3a8f5df1be1604467f79a0dd73,java-native-access/jna,1047
d8571b423d6e1df020841d778850ddb7d9364745,java-native-access/jna,1044
365f6b343a92427e7890cae0c16df7b6c4c254d4,java-native-access/jna,1043
bc228455251dfe76712320668e8e82f848d93265,java-native-access/jna,1041
f67b15ebef40319f2a313b4bc367463631b9e3da,java-native-access/jna,1040
ebde1237facf26971686975fc26a1411c7e46810,java-native-access/jna,1039
e5b34ecf13184b2616503ecd5bed0ef5cdece50f,java-native-access/jna,1038
dbb64a52f0b98011c94cb51ed340b39c42f76f3f,java-native-access/jna,1037
9664b7ba1d6bc299f9697866f49ff0e0efeefa77,java-native-access/jna,1035
209321a36a5993b979aca3e1907a209d89c6b127,java-native-access/jna,1034
b7964f120f5d2cadfa83e3deb489f5c570dcf770,java-native-access/jna,1033
01b6f67b09626fc2c0712fb0903f85a1ea027406,java-native-access/jna,1032
475ae605f88fd74941af76ab4005afc0e199a865,java-native-access/jna,1027
4d805210c8890b9597f3326debdf41fd092e04eb,java-native-access/jna,1026
088ad8299553ad5cfd6aba5369a2219fb973da4c,java-native-access/jna,1013
fe02b87dd26caef78004ba2a94c138b11234b612,java-native-access/jna,985
d6289eca9959661b7715e14821f3e64c7fc0d2e2,java-native-access/jna,384
c1fa86f7a0b736a8104d0a926fc9f2f3af48bb04,java-native-access/jna,1016
a4fcfae06bea20e977417da0455abf8f55052874,java-native-access/jna,1012
08b496f33cf03babf1c8b6a21ee7e281f1c04caa,java-native-access/jna,1011
683fd9b543321716854186f8252ee70cd255af1b,java-native-access/jna,994
0f3f3f14f150a41915e2cd34b5da68b8e233241b,java-native-access/jna,1003
eb4830a2776957677a9131ed71fb01503fc7c13a,java-native-access/jna,1008
4e8dd7fe9558a356a002bec6472c076a49946ed4,java-native-access/jna,379
139068956704fc463080f756450ce2530820c341,java-native-access/jna,1005
45c2bb86e7d118fa27db3697b928eb1d21f6eda1,java-native-access/jna,995
8d7efcc317214aa7c0d1b7282351bbdc9c3c658b,java-native-access/jna,1000
df9511f204bd5b325f3515bcf3f71fe3a39b4414,java-native-access/jna,993
4441b3eafb096bb48042919777d994a5a9d82eea,java-native-access/jna,992
30cb92841920ceedee6188d8251673ddf2ea09cd,java-native-access/jna,986
fb1e877805e4cc69843b152135f009459bea8ba2,java-native-access/jna,989
31846f3bdb106df4af0fecf0e38f5cd91fdc9ece,java-native-access/jna,975
2287b9258ac2865377215985d5a12685720bcf43,java-native-access/jna,"980,981,983"
fea51a54fc220b6b8148d7d5b5f2d0f5b9212eae,java-native-access/jna,977
d42375cc4569058de70db25fd6a802f11642c35f,java-native-access/jna,970
324de41b37f0818a8de24c7b142f9d2039eecbf4,java-native-access/jna,969
f070973780c1d84864fc40c6d3e0527155205c74,java-native-access/jna,971
ec3afae785f321e92ff4dd4c17f5e3cb0ba8a89b,java-native-access/jna,952
55cc99cbfe75485b3580654b496983201dda398d,java-native-access/jna,966
37f0d05b9e4f9443d52c752beacf8d142e3f7e5e,java-native-access/jna,967
2a0567f37fcdfca19e8fff0f815d6e25a6407047,java-native-access/jna,965
b3285146165c92d1cad0aab1ee891e139f215124,java-native-access/jna,963
c3f8d37a64fd276377beb97fb8a9747582a7b821,java-native-access/jna,960
71701929d37623a30fce8e4834fabf0703de4151,java-native-access/jna,962
5936a34782c42be0004e61b2635eb2499f99bd7b,java-native-access/jna,955
0e8bb1f5114110560c0b1109a0ea3459c76fd152,java-native-access/jna,945
11bc1d4c681c86a3935a529b7b94d5ff0a525791,java-native-access/jna,"902,943"
8a6257e8a7fbb837ad37d5bf980691db8524c9b5,java-native-access/jna,951
b74e283ca1062630158af6717bc9e89cbf288f5d,java-native-access/jna,949
d1bb591421d8cecf5462f7917dbe4ea7432db0ce,java-native-access/jna,944
12493ba771a50fae7d6303e8b58b31eacf903327,java-native-access/jna,340
8d79a404e7c6dbfc3b4da085a5ac9de83b9318b7,java-native-access/jna,942
2b71d01899f89351d54ce2797f6d194962042a04,java-native-access/jna,797
2d150fd7b5f6907d67a026a4389da5d00088ed87,java-native-access/jna,941
2707e360ea3f438286af500e4a53ab98c1539fa1,java-native-access/jna,936
b145f6128b5f46ff3cc08cd481db01d73879ea20,java-native-access/jna,933
66d0a6c21cb89d8fd3a0fce7e898ad72db0be709,java-native-access/jna,931
a2eae8fb442916e279cd0615d0c65560d1109647,java-native-access/jna,934
f9f0e8bd67e4e25d7a37d6f67b457fd05a67980b,java-native-access/jna,929
ba92069dfbd29ad3798bd901c14d71adef12ee81,java-native-access/jna,926
37f9629db45c27813940ac86ee4881dfbec3e7a6,java-native-access/jna,921
2856d95188805db09431821a7b6e03517ef8f9aa,java-native-access/jna,919
1a2a94fdce8f049b868532970e60afd1348247b6,java-native-access/jna,905
73b7763dcb00efd8d12837e4216a37ff9f082c10,java-native-access/jna,918
5b11de52fa778c71480ef056de8d23a27f3e55e0,java-native-access/jna,913
1ad4606d351d416555f71e637895c0f496ba3221,java-native-access/jna,903
7b66282949dc17739cfac02baf291f03378c4783,java-native-access/jna,898
398a4bceac06c7b091403ed40b0e150a488bed3e,java-native-access/jna,906
8fc3772ceb05c2c528fad7f45c1d284d0ac58997,java-native-access/jna,904
a9a2c4393ff00059808585e2c814b2313a1ab029,java-native-access/jna,889
0055e91c97e51f02343a2203aba3f9e1592f5e2f,java-native-access/jna,900
327e41ab45ffebe553745c18d9d6cd51c1a79185,java-native-access/jna,897
2ba3b63bbe7e1ea3e6c77a3b7649dcd3f5f76c7d,java-native-access/jna,894
10b7584e9d44bc1f7f0f1002c59ad30328f2316e,java-native-access/jna,891
1bbfc02d5d33050b6509c52f80d273730029d472,java-native-access/jna,882
fa4d1c9cfdc07295a3db0cc3e83df8635b4480ce,java-native-access/jna,880
028fff09fd473e2fe0fae8d781d2f754fe13daac,java-native-access/jna,876
fc89e2cf95e8ae6a2ee2708775a96bb8fc99b092,java-native-access/jna,872
4d980d67150cba920fd61a37474b26ef3e0b3d89,java-native-access/jna,871
fa6cb7ed3552063c6c03067b3c876706f7f2dc62,java-native-access/jna,869
7566589ca71e1eb1b27998e2f47582859debe139,java-native-access/jna,865
a67d7000642c9255419218fe6abb5f285e470f54,java-native-access/jna,867
424d9799f0292917a4c19da78ed21c97d2680024,java-native-access/jna,861
970a49c11b154bdfbf99ee15294336dd69b78e2b,java-native-access/jna,859
d01f9a8ead0dc4b5b3982c3e6a6c016fe6fec6aa,java-native-access/jna,858
5565e810cf3e0115083ff534a211da61d1bd1c99,java-native-access/jna,854
24e1e8254d310a00598542ecff2d8c14f67293e2,java-native-access/jna,850
3f4fb37611715076941dd105fe7c11e21932c1e6,java-native-access/jna,849
5de5af83e67e81f4887547703432ce02883323e2,java-native-access/jna,"836,834"
40ca17e946dddbb0625a7377da603cf2669f88d3,java-native-access/jna,848
5e8c5b822c7e5563e212d5cdf7c8eeee00360bff,java-native-access/jna,"821,258"
a7a9132018834232ec2754ac82213f8ba20fe5b4,java-native-access/jna,840
354a19121963389d73bfd84f8e877070710711f4,java-native-access/jna,771
027fd13704510f4d33d95c7198d58061ad39a539,java-native-access/jna,847
7a132d118efc1bacd6c508983b3dae88e570e203,java-native-access/jna,846
1fef4a20a031d91dce6d37e6ef809c9d38708bd2,java-native-access/jna,845
b6bed2da1f40650dab89b1f9286f3185d22bf328,java-native-access/jna,844
9771b59a5755b8dc29d13e6f0649b1b40c2d4991,java-native-access/jna,843
da6dfebb3b8dc257b6e1c7fa4090f06f58a5670e,java-native-access/jna,841
e4dd7bbabcd1f1ce7103740dcb9e7ba64f5f559e,java-native-access/jna,838
7122be473e5f6179deb1c2b1c2fdeb77d8486fed,java-native-access/jna,828
4603f83c60b9f96d1b61476fbadaa4619399f3a0,java-native-access/jna,825
cca647dad30874615366553020ce30e09bf15655,java-native-access/jna,824
a6c20835cfade93c624c881c99b1c60306e31118,java-native-access/jna,816
aeebcf104e14dbf8cd56b5d6ed656fb53e23eca3,java-native-access/jna,817
53b996f9b8191aed00b4d448dede964e9e158c29,java-native-access/jna,815
4b749c059d5c1e8910db674b6643486014d5e5d7,java-native-access/jna,782
a92864dee881fa8a5bcd752cdc9933674d8d8950,java-native-access/jna,809
3a5787b9616862364ce92f9bb92c5661d743ac0a,java-native-access/jna,808
c594816069a9fa49ca7b6263be63d631752902b7,java-native-access/jna,807
db68ff3f145d0db8603c7a045f27e98ea1b26a47,java-native-access/jna,806
445086254d3204717ec3ae806c1b4d2cba29cd1b,java-native-access/jna,804
a6e0963c1b0eaeeae9f10203259004b7b3646cbb,java-native-access/jna,803
146800406cbe460c886520c93c49929559aa0b44,java-native-access/jna,802
3d306cf0526956cc79957418de671a54818713e1,java-native-access/jna,377
081c7ec3b4b941fd6f680568728693258b04851b,java-native-access/jna,256
d485d0553ae629241e19a1260c1a68f7a6de3068,java-native-access/jna,800
d93d2a7775a8cbe45777a84924a50479abaf2679,java-native-access/jna,799
e5443c3a6e28c4ef1f9a3a26e47e8f7d6574f44a,java-native-access/jna,796
f77688822de476bd0708c8d84dea838503a1ca04,java-native-access/jna,795
457dae7ecf48f3a2f031b41c23b894f1e23d68e2,java-native-access/jna,793
d499aa66bc0c92439802a2935c1bf72fd27c969b,java-native-access/jna,787
f413c75c7d132f4c826d43651952ecc87e53ec07,java-native-access/jna,788
e3be18a50854c02b9b475948c4d164f51a957c15,java-native-access/jna,786
0e8124fd5d7bd70ded55c6937ea1503e597fac4b,java-native-access/jna,783
f6362c2dd84eabdba9c21e0f285effa2e1458bf5,java-native-access/jna,781
4fbe9577b7f352bed9ef3476dbe14bfebd82c67b,java-native-access/jna,780
20a68d3b40ab05115e5f9cb3ffa5df2ce576fbfb,java-native-access/jna,779
32ea99a681560f160d0dbdda757f7f447b81d794,java-native-access/jna,774
047b7aa5b790576675c73bcdc39f8a7ffd29d799,java-native-access/jna,777
1e00890e13cfb3133250dda2f194aee4cebb8387,java-native-access/jna,776
0e5423db2c58ce069150bca3f4024b35ecc074bb,java-native-access/jna,761
cf5679782b28372efd5ef048de4733a3973e9794,java-native-access/jna,753
4f869f4c37648b36a705865e2d9c5664afee9dd1,java-native-access/jna,772
9bfcd193718e955a4222c9e462c613004cc4a10a,java-native-access/jna,769
333cc615e67c10a5255fe9ec3cb1ae25feeebde6,java-native-access/jna,759
68bd60092f748b9f3798c8b64ff84609a05b3f95,java-native-access/jna,764
54e5faff810c0bbe5d9a334f4724070e150a34ea,java-native-access/jna,763
f89306954c2341d9eef64c5b9e6b6873c5d29b00,java-native-access/jna,758
784e9ae5479e0b03e7bf22dac001c7aa2b67c0a6,java-native-access/jna,757
930667f67ddef49dad28b2ad5b87d39fd7b8f1be,java-native-access/jna,756
994ab50f5bfb59f740dc9502c69653f738dce880,java-native-access/jna,399
8cf1ed6984ab6c79e634e1ca90a41ebee9359cb6,java-native-access/jna,755
b37a652cb0bf424d5625795c010bb36dc0f09137,java-native-access/jna,754
f3fbff4c5f61e6b5251913ca55e7a07a83e6719d,java-native-access/jna,748
58fef220dbb4bcb0bbc8d7a7cd71b0d7f9c36341,java-native-access/jna,747
981510e393ff2dd7bd24e8ff5e4c0abc7db33b6c,java-native-access/jna,745
2368bb5b17a961e989478ebf55491fb46a77f443,java-native-access/jna,226
82c86383140a3671c5407fff8a3d18f3a2362b79,java-native-access/jna,738
c8ecadbe01ecc826fef93c17f220360f5e35dce7,java-native-access/jna,741
2c441560280cde778f4388ec37907c93355d302c,java-native-access/jna,740
81a011bdd5af6b1a3e13a6f14954378953ce06c1,java-native-access/jna,739
7ab7ddcf9ae5a15a96cfdae7dc4eb5ccfeb6d212,java-native-access/jna,732
b6022ce3517998a43afc2d36fbf7a2393fb4c676,java-native-access/jna,730
8a85b6eb9e7eb03a6c5e74ece660dbc1bb1a3dc9,java-native-access/jna,731
38e158c1e0239e8eec13303deb0b12fe076febe3,java-native-access/jna,727
046bc7ca6e1a63028f7e3b2313064542d0f97e22,java-native-access/jna,726
a60d9d846483c566c7a35e3759b3d1c1dcab4d82,java-native-access/jna,728
df0eb93469f2258c7c2c51cc68fad4060f5eeb33,java-native-access/jna,720
ea9de70cb73ca0794120666e8ed9794d88ea5c81,java-native-access/jna,711
bff94d4415ab0353ccd15cb8c5630f72f5650a81,java-native-access/jna,723
7a23e1a93f9209b43a9268e217b479b4348cf6a9,java-native-access/jna,719
e823ae2baf676d1de0071aa69261ae00ad9086e6,java-native-access/jna,718
f30cb4b4c4db880eb0885efb9a493f56ac5e7cd5,java-native-access/jna,717
302a1294d17999dc295f9c459db5d5cd8682ed94,java-native-access/jna,330
7266dc6387cf92e41b78f8e76c21b7e47b480b49,java-native-access/jna,715
ddc95ee5fd039a645a1e3f88aecb1baa3e01d32b,java-native-access/jna,714
9d9b0e45972d575a9712d3c8f5ea88e736e40b3a,java-native-access/jna,709
b31240fc1a22df6d29ae98ebff27b38bdabe8f1d,java-native-access/jna,697
4160d35eb482ecc66087c45f4449df61dc2b2d99,java-native-access/jna,712
4d806a902ed4cec8c06d108e1324c49514332328,java-native-access/jna,705
0b81f9c9ab3f429873a90b049bbaf38c178b3597,java-native-access/jna,"708,603"
a36aeb6ce67e9d2d04e32ddb3b8b4d233141fa1e,java-native-access/jna,698
73ed4efdfa0c48ef9af001d4d204e818cca2ad55,java-native-access/jna,696
4d68a20da971b1de4db36c3d0adad6ff041379a9,java-native-access/jna,693
5d7e4b0567e7506bae6a0d437eca94e863cff787,java-native-access/jna,686
ab84488d4e14ba7bd3f6a1ed7930b46ccfe94af2,java-native-access/jna,668
c3cb85a2f99f98bcad871f2f443d217b5c17e2d9,java-native-access/jna,683
567f9163fca01de36f38ddd4df9d4d1513586f3f,java-native-access/jna,684
c58d756d6b23f7ca395ec542aab8a766ff6ed3d9,java-native-access/jna,624
3217e0e1ae051f9c5092015596a3f3ea1304b329,java-native-access/jna,674
adb916e8447f8a6d3a8e7dea85484729a7d83a10,java-native-access/jna,675
058f12a82aad7e1fa157153871c065a7e5538d20,java-native-access/jna,636
6a288bac0074475fd29d9b8234dc4ca2ad99f6a5,java-native-access/jna,670
f4b6d9241d8ae99ec9d0949dd684366241de5ed4,java-native-access/jna,663
adbf05abc8f2cef82434faea1384894df5f6682d,java-native-access/jna,659
071e2af78ac197c62dc8c038bf2cbb63edb2c348,java-native-access/jna,654
9c63dc489f45b13a2dbb15f8824b6385d48e1424,java-native-access/jna,653
2c4a47190cdc64690f8f4c1c89a2ffac2fee962e,java-native-access/jna,646
02961150f7db4d609316496f6afbf16e5fdc50d7,java-native-access/jna,649
25729deb2239b3604707381946d35cf804c4628c,java-native-access/jna,572
0db246e416824d203fb939d029322d1d93ba3c10,java-native-access/jna,644
3a1b2eeee7335735ed721f4accad226cf23929b7,java-native-access/jna,640
cac5a76fa858fde1467cc884e966f31f9c309ce8,java-native-access/jna,647
4b7421cc8e9b612e84366a1945441fb80bc2bf05,java-native-access/jna,642
4ba3c1d9e85caf837ba3d524dca9de1dba0d6a38,java-native-access/jna,639
dda206ee4865835d03ca6b89aa80ea0f344139b9,java-native-access/jna,518
2201191c9afd251d533c42c7d868123105822ce1,java-native-access/jna,633
e98d99589ad794e15bd2ef437f7e9041ff5c85b4,java-native-access/jna,633
87a7c98b29ad267fc187c6c31de946f54d2343a9,java-native-access/jna,634
e1e6a4efa216f2c614fd511d3625fb23b5f52bfa,java-native-access/jna,632
86532357d94096dc2be4a950a0ecf7cee9e0c33f,java-native-access/jna,631
53603c1e570fcfa8d73cb8a25a6575efe90ddef9,java-native-access/jna,628
7123030698c3d6ac834c121d6db363acf85d48aa,java-native-access/jna,625
7843544bb307f416f394b6ba8f331f3ef20b0ff1,java-native-access/jna,618
57bf211c6ec682bd8f66ff11b2e0c8e23d5aa214,java-native-access/jna,609
61bd36b0d05d18008377cd9d011be0c794f86296,java-native-access/jna,522
1064a2710a50cba7cebebe5f141c2ed5598e31e3,java-native-access/jna,621
2c6d9e8eeb163297d92458b4b031b6d2495a18d9,java-native-access/jna,616
290859eb39ee96043b33c89dd7aa1258f6b965c0,java-native-access/jna,623
9f5b887e3281555363781d142f9c40730c294925,java-native-access/jna,620
be371251866a1492934bb08464c8f35f82c02a88,java-native-access/jna,617
c23b5900f5f904a7c1aeae17e1d7ce8062e74bc2,java-native-access/jna,614
6a7d6c2db05da59f7c80479af71f6ebe9d227a6f,java-native-access/jna,613
f9b6117de9a2a716ac7d8579b156c1cef5ee2825,java-native-access/jna,608
0acce1f51dc656cb6f7532c5bd09e98dd719da4b,java-native-access/jna,612
55216277397f13dc006c3e505e4a1c253119833b,java-native-access/jna,610
228177e1d94d43cb4bbf725fc55fb6da9073b44c,java-native-access/jna,606
bbc22911ab25c617c7817c36c7d589c592401892,java-native-access/jna,602
c76c9ffb2af6c97fd114b391865607882c850d08,java-native-access/jna,601
bf3205461b4ff5eab12901a939a3cc3958a3e48a,java-native-access/jna,578
6d62b006ecefbf2046eddcb74b11af6f047f3c1e,java-native-access/jna,594
35cd6cff3c1da7e43eb6fa17f212cef8787ecb65,java-native-access/jna,598
b3776b290d5cae1befc812fd5e504a0094d0ef52,java-native-access/jna,"597,582"
0864d4921bdc86c98a996f355f7eecdd9e3af2ea,java-native-access/jna,595
028eeccd4b62a7b58b428e84da55eb22e6e7c040,java-native-access/jna,591
1b89511b09a46885c810c52f917d042fcfb71480,java-native-access/jna,593
a858c42cde67a5e38051f50e86c5130346cc5e42,java-native-access/jna,592
51cab7599d40076af275fcfaffe838dfc35e51f2,java-native-access/jna,589
a31715df2ec4ae84619f8b599a9e7d7784f34095,java-native-access/jna,584
30b7a2865847554438fef4218e22884ec438ef26,java-native-access/jna,583
2f0c4c3c25a772f5468aa2684992762852e698b0,java-native-access/jna,569
2ba0d304bd01454b262fbc0b720cbb6067e5df09,java-native-access/jna,577
ba18b3817b15d59d1662a67304cb6e80fe943c68,java-native-access/jna,574
e6d4cd2f4c4605991812b6609fc4f43dc54d779e,java-native-access/jna,573
4a0cf539952da554adebc98a1c0e874b63f78eeb,java-native-access/jna,567
27e40c2ea2d2ce97aa51c906d5af960b9be74254,java-native-access/jna,566
38614fdb01485391e8acc17051c0c48f4bc13e7d,java-native-access/jna,563
4e0388ce94569d0fb2803e3639ed3814be797613,java-native-access/jna,562
b71170a2ec8a4f20ca27199f5f8618efe7e80c8a,java-native-access/jna,564
a6a0c4e998cc133167bc766e3bb27d187e855954,java-native-access/jna,552
ee896b79434ea77aa1619113bb234b8f485139de,java-native-access/jna,554
24e0d63a0acb01948933739a5a8b240c8cbba02c,java-native-access/jna,558
22b6388843a0ba1e9a5ed844c9b8fd15e579a608,java-native-access/jna,556
b705ecb3d1fbd37fb6d0ac20c37b934e82d18b4a,java-native-access/jna,489
8d728c6dc447e7d18aedeb741e4368c4b3eafe66,java-native-access/jna,524
ac765cb8e721038d60b4a1b10e78e7d3c6d30917,java-native-access/jna,540
de5316ddf1776ce62c26a4f96abadfd68d935d4a,java-native-access/jna,533
97978a02d1238eb6149ca7177633c6f5c47c049c,java-native-access/jna,528
900a33c7570118e24bff31b7dfef2d5ebc3f3399,java-native-access/jna,536
051900319fb1b353c686b937d599ae738469889e,java-native-access/jna,549
7f3c757c3298caef932899d7b09996f4493c0da5,java-native-access/jna,548
e4e0968a377989da1c782fd44b1c490dd4ebd951,java-native-access/jna,545
5ec9eebcd89b9c47ffba227d6ee3ba20c389ef26,java-native-access/jna,547
7fe56b6e738e3707c78566022c43131a7afd82d6,java-native-access/jna,543
f62b57196ad0c1b511e823a02e78f42bedaa473f,java-native-access/jna,542
f3a25d95c1c1b87ace0e58abe4896286d285c46c,java-native-access/jna,541
23ef0b4072469978769e01d00c8e1ebc93087fcb,java-native-access/jna,532
a9024762907870377e7d100bf24cb71059ee0702,java-native-access/jna,"527,520"
f0b6b129bd1dce68fad725469e5f9e11ab6edf85,java-native-access/jna,520
aa0fffc24bae5f7f6fdaf549955f77765bdeac19,java-native-access/jna,526
506a03ba99d327efaf131761f72cec4967f52a04,java-native-access/jna,519
aefeab224eba54475804403f5f8199e2ed8cc50c,java-native-access/jna,515
3d6bbb181774e12a4ab0574422c48183690b82b2,java-native-access/jna,"504,503"
bd3667f7ae48a7a2cac1c5dd7143032929a41141,java-native-access/jna,512
698625191a84eedfb9604b39feb0189e5e0d590d,java-native-access/jna,510
3ff1fd56bdb3beffadb6e3d2d08ccff849ec5d78,java-native-access/jna,507
12ed6d43ef481b344d584444af1fc64e0a18f0c9,java-native-access/jna,507
b6606dd3f6b300db912f8be84df6629dfa660565,java-native-access/jna,506
cf5a68be2ddca9349316c55fe9edb5e6872cc75e,java-native-access/jna,503
c9383c5ce248aedb7eb201220a7c32700cac0451,java-native-access/jna,501
3024478148f4796fa62a56256eab094674ab89ce,java-native-access/jna,376
89bf40bdc15cbc126fe2493c5ae64c02bd29ab0a,java-native-access/jna,353
8deb070d885c26fa361685ae59d56d965494e83a,java-native-access/jna,500
3212af84ca8ea92d80166a9a9219af740ff0f83b,java-native-access/jna,478
b8182976296306ce751be9d3941d5c3cc5e9394f,java-native-access/jna,"499,490"
d0225db1fbbc2966fe68946eeaa650c1e4387246,java-native-access/jna,490
6da17d676625da5c6a94908861cc84953949e573,java-native-access/jna,498
4a2d3be33172e3b7ac11e5da0a973a6100d68f3f,java-native-access/jna,495
101c9964de258ea134ded756ea1f7564dc578e25,java-native-access/jna,493
a960d1bc7339830853e2346b49c5ae8024421f3b,java-native-access/jna,492
300c6db261984434463044735ee12b0e062e101e,java-native-access/jna,451
c4b033f5d60bde326b8f3c2ac7c066961d898731,java-native-access/jna,451
ca585ca3d6daa183aabefb5079e9014e904d20e2,java-native-access/jna,475
8c11a97dcbafe42c852f27cde464d9ca82e0f049,java-native-access/jna,488
94ea87ae515a9003945daaa7fc595c6fb40f840a,java-native-access/jna,487
e42f9818075c7dee7c6070695a61eccab4bb0431,java-native-access/jna,485
ec988a2fcaadcecdd12a1c00a77ecdf61ddd8364,java-native-access/jna,483
ab7eea6d48420ab8705bc8f06120134f806f05b0,java-native-access/jna,481
a82a6ca12df192ec4047c3481aac0d4d29f6f2fb,java-native-access/jna,474
9f094c2e180eadb3f2e683577ff6128d0240aa3b,java-native-access/jna,469
882d19f49d1a1678feb096264f47f66b91470527,java-native-access/jna,468
50fe79d660e1991adcf31fffd1fd59e5202d62e0,java-native-access/jna,467
8815d569b541b68a15c28e01562132ecf996141d,java-native-access/jna,467
6d1ba519849c49802baa0db0e3170efe54422406,java-native-access/jna,"465,464"
f6c00e734afe81b1928782e5bab27e5c97e1671e,java-native-access/jna,464
f6fd136ef976a59bdcdcc530750bd9b475dbb029,java-native-access/jna,"461,460"
b284c920747f63e66bc65fdad2bcb1f498cd20c0,java-native-access/jna,460
426d6d0c53418c374200804a51b920b7964812ca,java-native-access/jna,454
447c66208c49ba3f8e720532123be17dddd2f050,java-native-access/jna,452
2a9f25759d14d74c37af1afd051b41f54258e984,java-native-access/jna,453
e0dac83df0a56327215491f2624775ed7a0dff19,java-native-access/jna,450
6d0ff952f872dc404a0b20067b74c9c4cde898ba,java-native-access/jna,447
ca3c2c621b80e10a206cefe998d0e596c9f0082c,java-native-access/jna,446
865b25d2a556450235c036f67104173e3ee03686,java-native-access/jna,441
fdd7875be80ef5249ca41a6ee69f1da423f8d457,java-native-access/jna,440
3d8e065d7342ccebc2bcbf869d309129df8d8097,java-native-access/jna,439
6a5de1f5c53a373748b485ae2ed06cd2f99d2640,java-native-access/jna,434
68db993ca1d20e2ba5997b1d9bd7aae4bff181e9,java-native-access/jna,432
378305b3f4b53dd54a05bc3ccfdeb0f598903cc4,java-native-access/jna,433
fe41ead2afe6c3b748b7649db763405a7f33fd3d,java-native-access/jna,431
ac269b3f1101749798522a04be3a0f7526a1edce,java-native-access/jna,428
889677a02096fb0139a06ec63c1bb1bad2719b30,java-native-access/jna,426
78cae2e0d1593b70e5f0f4bba717fddcfa06dda7,java-native-access/jna,425
e3d534eade1aa139de8284d8b968713c88b8b8dd,java-native-access/jna,421
5a4d3927435cb69b92e8fc11baa35ea0594d393b,java-native-access/jna,420
ccea0519e56c1caf9cb0f3ee7cf9e1e1a51f863f,java-native-access/jna,410
de3a9eaf152159380614db5764d860215fd71dba,java-native-access/jna,403
a005a34bb054287cf161e49dd89c84f47b34b9e3,java-native-access/jna,388
61df8c8e224706a499f4c803485a9335ddcd05d1,java-native-access/jna,393
2f2667c3ed002b8bc3be3496e8379f93d45c8b31,java-native-access/jna,391
b7924557507d4e66ed81bf1ce37bd56f32bd16a4,java-native-access/jna,386
529d8c61db32ec523688ca06cfb70e6a3b122065,java-native-access/jna,371
634498fcb314f08f6b785e20d017dd9a083d4a4c,java-native-access/jna,380
fc454ce4c585a5db93c4cb23fac4578d19c9f192,java-native-access/jna,378
a0c705ae9c8fa7e246ec4524ede8dfa9aa8a74e6,java-native-access/jna,373
491db5ca5ffed8fa2d216e0779389864140d357f,java-native-access/jna,374
48ff85e9237b54f2e1e295b2baaf8a45f0a7df68,java-native-access/jna,368
ee677e351d0bf7819d796906385573970ff37e1a,java-native-access/jna,365
6dc14f844afd9f176cdcbac1dff9e7834db94269,java-native-access/jna,361
554d7a2c6045068cd2574e739ea8c97c19ad8b51,java-native-access/jna,356
da45b9bb5b92d89bc004c7f567c0d2b84ce22cf8,java-native-access/jna,351
6adca9d15a97b4b7da509471708af98f04aa36a1,java-native-access/jna,346
b0a3f90fa5a2fe97a2da2230b05546b80f3f1f5b,java-native-access/jna,341
698f845250a4a0852d7b9cec6463fc7190cbf8ee,java-native-access/jna,343
33dcdb069ea38c695b0919f21c041265f3a0eb38,java-native-access/jna,338
296e89e7c6445af054489172796aa23d96effc62,java-native-access/jna,334
da6c521e1cab2d482ee88efd01657acadf95ad93,java-native-access/jna,319
5115f143cef7d98a31947733bb5e6b0970734487,java-native-access/jna,319
87c582ce231712a3a61cfcd9fa3547a6364127ea,java-native-access/jna,321
323a913bf610c982f43b58883b0fc54c78a29621,java-native-access/jna,290
32447ce4886daf5a3e1a3f37a9025ad6d2946139,java-native-access/jna,290
9340b94e63386f37d3ff10a92146806ef101504e,java-native-access/jna,314
8508354adc2050605d5d8199ad85ad2bae19b6ea,java-native-access/jna,307
71631fb543c8577a257697ce049a2b1d0a3599dc,java-native-access/jna,306
2c0d097389073215c0245415ee74de3606a8c8ca,java-native-access/jna,301
6756267f48e3df3ef3e4b2fee85faa5b8fc13084,java-native-access/jna,300
c94c3b9ee0285701dbad8dc015d7602ec234442e,java-native-access/jna,292
e736b45a350763a1164e9df802842bacfe904f77,java-native-access/jna,291
667fdd1e3286f079c04788960c0a3ba802dcbd40,java-native-access/jna,287
438d1313fc292b4fa6d296ebf44eee58fa20c446,java-native-access/jna,"280,270"
b2e16d4f6c2dee3056a42af84404a944693a6daf,java-native-access/jna,279
0aab1f52a5adb1c39e83a3dfb67faa5ccf4106f9,java-native-access/jna,278
8dd1592f7012135bc2c56a6762a379a8c78d2cf1,java-native-access/jna,276
deb7cc68f4914c76025f7564b0b19b2d115f60e5,java-native-access/jna,277
66fcd236cf20f2a9f2662da3b0b3f0a00f2afdc8,java-native-access/jna,272
bb27c0916400042fbe49b2fe894f878fe87d03c9,java-native-access/jna,274
e79f6e0e04f1d3e00e4d8c76d69841d0769f58f0,java-native-access/jna,"266,226"
6e0690aa70d0deb97d8b71a0e51686c23862ad6c,java-native-access/jna,254
3157243debe3b3fe2daab42da40d5951ab7ba55f,java-native-access/jna,249
1737d6addb952447b3b6ac933f420c09187c3e8b,java-native-access/jna,243
82c032329a87363d6d74fd0502f155d9795ed91d,java-native-access/jna,234
85e962c12414beb05403445a08b4a9b19b973a9b,java-native-access/jna,218
900a68eb63dec81d3d36029b69aaa1cc7bcf8fef,java-native-access/jna,213
8bb128062a1ecd7e72779a332ce042f655ef4dcd,java-native-access/jna,212
7d57612d7d7658fb459be6e37125ae2bbbc68747,java-native-access/jna,211
5cf120de753dba6f03be1a2d82cbe0ffa2022169,java-native-access/jna,210
6fdb21414d61e3c78da4dabd57a05d1b6f282479,java-native-access/jna,206
99613775b151570d92a8630868b0db9c2a562cf6,java-native-access/jna,204
a2bfccb15b3ae1eb891a88084c8a1962e6f76a51,java-native-access/jna,207
211a9ebf4d1a9801e15e103566aed2b8c42790be,java-native-access/jna,32
7e1b32649efd24814e86172e196f390566f9e970,java-native-access/jna,32
626bf14b2dad95650e34534a2171a6252002dbcb,java-native-access/jna,205
4b73c277fad4011a97c8dee257e724e64e3b688b,java-native-access/jna,200
cb714b9f8b052039897b3f234d2dd1fc4731f932,java-native-access/jna,202
71a8ecfd274cdf847669ac276a3d04c8c1df0a95,java-native-access/jna,201
3e2e7ffec73657d9fbf8f4ab0433f19ce2f36ff8,java-native-access/jna,197
fb9e4c6262e985a1d1d90ec4bfd8138dfe2bccbf,java-native-access/jna,196
68ed3e521e849bf4f746f0efbaa7398ae2662662,java-native-access/jna,194
06fde953b19f38ac6e809605193d3eee28f5e05a,java-native-access/jna,192
f0fd47dbdb3198ab52d184e677e046588a821fb1,java-native-access/jna,185
e1c26329417620278d278b054782e75946903445,java-native-access/jna,190
370112938e705128fd5dd4017fc1a1210bd0271a,java-native-access/jna,28
7089c83878bfba2bc2990c99d19faab8f29be377,java-native-access/jna,188
3d051ecbb5edd858f632c99ee6f7cdb9b841f42f,java-native-access/jna,187
f721075ac32af0a48f34c7fe91185618aacbd7ec,java-native-access/jna,186
d9fb94a13d81f7212e2d46f4800c744a42d4f209,java-native-access/jna,183
3f7e52a4d92d9821e8877cd263c86b761db61efc,java-native-access/jna,178
8ce6297b97d369dc869cdd0f0e4ff293de1c202a,java-native-access/jna,175
1f8675d4c101d19d67ca0a55ff2ba973349558ad,java-native-access/jna,26
335f419a86090cda9f215d149572f9481c3ad034,java-native-access/jna,23
17a26e7dbc9ae0e3be87a9cf7f6d4f4b9b3c8370,java-native-access/jna,"160,158"
3854e50e6475c21e1f512055a928df562d3d8115,java-native-access/jna,159
997ff2e7edf05b86d836e9b064a019f01e8d4b62,java-native-access/jna,157
d9ad71341cef3c2caccfe80f8a143e9c99279c23,java-native-access/jna,156
296b97d58a3d62fc14b9736e1d06c74dd501ee0a,java-native-access/jna,153
ec9868b85bfcaca7080e9f792f36fd92c5603cd1,java-native-access/jna,152
bd950aa6543b204243466a0d739034667abcbaed,java-native-access/jna,149
58243488fcdf6817c6e40e5b75ad787f1856c399,java-native-access/jna,148
2d454fb7dca7de48f05d6bccdaccba197e770355,java-native-access/jna,147
160dee7d844191b62479b008e6802169add85ec4,java-native-access/jna,146
fffc3f0f7cf9b26eab111a6263c809d4c043e811,java-native-access/jna,145
f88d243071b30fa351c9b451f9bbb87efb3f57df,java-native-access/jna,143
c1289c07be97d87be04a1d2695a03a908c7aebee,java-native-access/jna,141
f23a4bf9d5f5aa6d1a1e0f434d291bd0e6b304d8,java-native-access/jna,139
4e36f71f3ace73686e0c77b93add833881fc6a55,java-native-access/jna,"137,135"
25db8ccfa711958418868113cfd9836e6b24f58b,java-native-access/jna,135
5c2923c0aff9f6e6f1fde5fa2196d4645dff87fe,java-native-access/jna,"136,135"
018ad7f2c0762b2d9a4d806dc0554b8a75f75527,java-native-access/jna,135
d51479c357eb098071b120b3136e09d28bc47e7c,java-native-access/jna,114
eaff9bd176d0c08789197ddbdbee81090ea9ecb4,java-native-access/jna,129
ed94e60da35d9ee362989b94217b6b30a8159be9,java-native-access/jna,132
7bda1b3d0e7cf6b262f4b3d5c667ef1b57e12293,java-native-access/jna,131
2d61573175a47d28d29c031a2d17675a62f54919,java-native-access/jna,126
c4c07d78788927c77aaebe68f340a7bb53414bdc,java-native-access/jna,121
c5ae6a3cbb487985c61d802884be4db676ea520b,java-native-access/jna,"117,116"
804795c5f81c15bb93182a65d3813c4675420339,java-native-access/jna,116
c2c1f81ea581b200bab00807b7b1d37432efc0ca,java-native-access/jna,116
14481ee3467a7bf31c8d81af0f791aed1dc893f0,java-native-access/jna,116
782b11f201f77ac9f32c858eeaf8a33c184a965e,java-native-access/jna,107
a947dfdac53e91e78ff72fcc28f3995efe292ce1,java-native-access/jna,84
777406eb7bc7a3310cc2a54d54d4c0a352288fc6,java-native-access/jna,98
37f108fa51c5ba179d5b5297f4bb3529dbc526b3,java-native-access/jna,70
3f3872974efb0e9b494b721fa4d38ce30ff82da2,java-native-access/jna,100
36020c6d3321e39e262d9a82e1efbf3085fd8b5a,java-native-access/jna,95
2f3807d9a4036aefb8f08cc430fdedff2fe29e18,java-native-access/jna,96
501dc9054aadb58340cf4aacb1fb153abc1e43e8,java-native-access/jna,78
0bfd959bcb0ded4516a490c5ad3165143d74b8b0,java-native-access/jna,71
ec90593be8e494615b29e5810d4ce5323aa39830,java-native-access/jna,74
70bb54e13fa1149319485396ab531842e776b5ce,java-native-access/jna,73
a09b116a9c6cdda8a4595dce6af8284ac10c0de6,java-native-access/jna,58
f351facdf4a7983f985253ce3b2d64520e82f128,java-native-access/jna,59
3c916775eee6d66f5a97fa636559a4b2aa55791d,java-native-access/jna,55
e20d384f9d1794f2140aadacdca4098a6f131f3a,java-native-access/jna,54
47887c1d950d53c7f2a0d0094b07c4fac88970ae,java-native-access/jna,"50,49"
0c060dbaaa17b19b48efbfac129545933f11f451,java-native-access/jna,40
9473f51d7bd3054307f7ee528f1358dbbd34a998,java-native-access/jna,116
288a5157beb9607b8c108b8d82411fae783571d7,java-native-access/jna,38
67fb8d11c234aab2797450742cb339851dfee368,java-native-access/jna,27
366296743b307fe55d241faeb78531c5758c47a9,java-native-access/jna,"26,22"
8e6b046ee0e0876b436a872c7cbbb6e871620cb8,java-native-access/jna,22
542b9c47ed74e3ac04b52dca0801daebf40b9de5,java-native-access/jna,19
2a7ecd38472b784fc083d6c7d2a3226c7445c174,java-native-access/jna,18
1ec856379da1d304ea03023a56f1e43816e78283,java-native-access/jna,15
1f495f5fec81a96fc06c5044215eb600b8a2a8f3,java-native-access/jna,16
dd323edec4240789ed95bf3b35162f6e34e418e5,java-native-access/jna,14
94097d4656c256098b57a1018cf8573554202254,java-native-access/jna,11
00c79242feabcecc52fe88b13ca97fc289a1144c,java-native-access/jna,10
8e919e7298ba94ef23475af66cb8b9e3617a59a3,java-native-access/jna,2
6e99ab01842c119a5d04d31569ee970c674c1af4,java-native-access/jna,3
f66cb26c58b6fbf4b0119db0be684acdbc369c8d,java-native-access/jna,1
6944871c42ca2ec06f8c86201ea6efd9bfdba4cb,java-native-access/jna,121
72bd12e394f88ad70e1e04193e6b19d4ef05bd47,java-native-access/jna,98
2c667ca0161e7ee31e00d3f4a12c7f7f0631892f,java-native-access/jna,104
be6f52b796ec0e6fbfb0caa7b2f769722d95fa7a,java-native-access/jna,98
52e558d877d3528d11c07fd8515646e31483bf34,java-native-access/jna,95
d9948105f120be1400b6cf1285e927613abcc462,java-native-access/jna,51
28d31bb9f6010b577fc6e0ac39c99e02a1f502e5,java-native-access/jna,94
21e73c5fb98c1167cc3c5df07b768c25243a7205,java-native-access/jna,93
859a6a75aaa6b58ec3fc365736d81503c898792a,java-native-access/jna,81
554567fa82d6c2faa1982230d2035548bf3a71d0,java-native-access/jna,25
3ad51db9c255333087c4ef9925809a9e4b3bfda6,java-native-access/jna,32
294f136297427505a0762bf4d6a089bcd795b6aa,java-native-access/jna,17
690cf60b8c3940ad194ebd0cd3c499179e403ec2,java-native-access/jna,15
cce40a97f2d680eb64574ed8e6863a0fb4b96cbe,java-native-access/jna,3
ed0d95ae1f7755fbbfd2de5e5b7ca5e1a88e7f49,java-native-access/jna,3
ea548c34cfa2370741cea582ea143b1265cc45b5,java-native-access/jna,9
28824d4b6ff6b2f3f3fcdc068b90f56210e8dd43,java-native-access/jna,4
5d016b547e9fdd334499a7c001499cd9f9b54c91,odnoklassniki/one-nio,1
c776e1596bad9ed86d99c94279da79c6d3d8ea58,luben/zstd-jni,295
8b24ff0b23819ad9b15a22464a810431e8243882,luben/zstd-jni,253
2b6f2eca3e07817f4713ec43a047100c26cc51a1,luben/zstd-jni,249
bb156dcb84c79b76b3178046f4df64213dd881e8,luben/zstd-jni,239
dcadaf0838412c96d26d44792d96384af55af0e7,luben/zstd-jni,231
c970b548bb657df719fb5742a9496e6b3c07f0e3,luben/zstd-jni,223
31060934c26e080031465702ec369591e12874f8,luben/zstd-jni,83
9916cbd611cd882b5d4958d4acf0518c01363487,luben/zstd-jni,207
97550e35610cd36e2ad510e20e503c0f997c1a3a,luben/zstd-jni,204
1e7ea4d4ec144ad2cd52a3f26ab02eb9938c9943,luben/zstd-jni,2736
f3abbcdab000a6ece760593673ad28d2f844c88a,luben/zstd-jni,2736
583199ab60bd149d670f52373b82c5b69b333bbe,luben/zstd-jni,181
0ed490a131504edd1ff451b52f60344df0e5f68e,luben/zstd-jni,31
75ba61028e5364d3bfd857abc80897e01b741337,luben/zstd-jni,178
79b02e59880b43f9398ee5fa8e0b58511d906a37,luben/zstd-jni,171
76da8a59b5be8f58fe0996c73c91065fc3309cf5,luben/zstd-jni,155
528556ccecef968978606c120cfb3686b50986e2,luben/zstd-jni,154
be4fdaf7237064a782c3348d8e807dafd9db0079,luben/zstd-jni,150
f31853c9f1c66418dcc5a3fb995a48532b79c1e9,luben/zstd-jni,115
58ad2998390028110ff11873eaed65d814015251,luben/zstd-jni,129
f5aeb3bc89b6a89afc09426f3b7573e258b47271,luben/zstd-jni,124
85477df81fc73a50d501acf94f2faefd34103dc8,luben/zstd-jni,121
61a2cc2365f0f58bbd043ce0a606ea0b1c539fd4,luben/zstd-jni,120
bf74115dd8c413ec406d821a03ef1dabd2625864,luben/zstd-jni,110
ba829ac59af4fa8f08f5bc96993e56b31b460009,luben/zstd-jni,107
66008ea70577d475aecd5afaf98591e85400a59c,luben/zstd-jni,108
632496e51e53583c16cea28af0fb082292f07928,luben/zstd-jni,99
26c2ce01e4c85c2033aedc7d4ddb35082419f047,luben/zstd-jni,1693
ac64afb9397ea441a2f4a8b159debd27b4d95273,luben/zstd-jni,101
3095a44b93a0835e9fc2d761521aa6d6cf06fd78,luben/zstd-jni,96
ed4264c2f87784dc0267f149deb904ecb5d32be8,luben/zstd-jni,92
3c7debb18e26d6ffcecca4e827f76f333ad6cd55,luben/zstd-jni,91
39af57dfc96e93cd0cc6daab39bf224b569d3506,luben/zstd-jni,1510
a8b7e73926b282dbaac46a8f0fa3dfb173703c4b,luben/zstd-jni,86
cd3f3fa75e4d3ed1539574214c0759cc57c546de,luben/zstd-jni,84
6149ee4473b1cec8ad3865c8d437600611cbe9c5,luben/zstd-jni,82
9835acc094649819e96fb7ed21b82579c81ac701,luben/zstd-jni,79
4b0396f1559e4fe75dafb2bc3600dd284e37a5ad,luben/zstd-jni,80
3934200f233e61b964573ddcccefc8f5e5dedd74,luben/zstd-jni,78
7eec5581b8ccb0d98350ad5ba422337eebbbe70e,luben/zstd-jni,75
9e7ef03f97d1f9c733fd80ca2bf6455598cfe766,luben/zstd-jni,74
2e50d53e5296d280dc874cb4fcd1d779bbfb4e48,luben/zstd-jni,75
c768ad86735f2c034fdd8d76741001a9315b0b7b,luben/zstd-jni,72
466197b323ef6fa8bc2c8c11bda847e7d9e37aea,luben/zstd-jni,71
2f8500ce9e631399f61e8dba8d9c09b4a4f09ae6,luben/zstd-jni,70
8c298fe5312f571462e9fc769b74a248893cbac4,luben/zstd-jni,68
a0c17c45b8fc064f79d41d0fa800bcc109cd5d9a,luben/zstd-jni,62
cb170cf78aba5acdb6017cfecdb22d89efb711bb,luben/zstd-jni,61
625b741e8cb253e898b2c6bb1b98a9f2b66677d5,luben/zstd-jni,59
10bf42de93934732099021b3647de9a44dd96750,luben/zstd-jni,57
fb03b0411f3cba035255543b94d8096defe43fbd,luben/zstd-jni,55
2c5fa3c0ba33947427fd1daf182a1fa6d00f6ca4,luben/zstd-jni,51
527d28516af8f0e177815390d5347e5ca38dc5bc,luben/zstd-jni,50
889bce77e2f0e8ebe19915848354a3e5425cd5ea,luben/zstd-jni,46
179e38c037ea1df539a621a895ab3f1c32bc9d17,luben/zstd-jni,40
e5d6aaa94824fd30bcb12f5eb41d7a9537f107c2,luben/zstd-jni,34
0a820353c143ba9c3903c7eaeda266ad43d85903,luben/zstd-jni,29
dd2a326b2cc3160ce95b17e09f6fc1455b99f019,luben/zstd-jni,28
69b94bf2237a9ab24d48f61e1056689e3c3ebe89,luben/zstd-jni,22
61cde0d8a3789300eab0bae55acede0a8281fed5,luben/zstd-jni,17
56b3e6d5fb345ad544bdd3e227f7574b92ec2850,luben/zstd-jni,15
729654b483e2c2a424cbf4bb7655314b66da4bfb,luben/zstd-jni,7
d3935e7e66e39f443c148149b1bdac397eeef1a1,luben/zstd-jni,6
961a0e48ecdec8fb57079831f7e96d362223cf7b,luben/zstd-jni,173
a82de8410e624a51f22fb226600666dd6eaf8cbf,luben/zstd-jni,153
